{
    "ret": 0.7015302898963441,
    "mtx": [
        [
            3008.663814489485,
            0.0,
            849.6611943194051
        ],
        [
            0.0,
            3006.980633267327,
            493.4544091725639
        ],
        [
            0.0,
            0.0,
            1.0
        ]
    ],
    "dist": [
        [
            -0.3855606411470963,
            -1.9718759355748408,
            -0.002706824637615764,
            0.0025958216950241783,
            40.46054586143521
        ]
    ],
    "rvecs": [
        [
            [
                0.017187848109369647
            ],
            [
                -0.03957251514128343
            ],
            [
                1.5676860792896856
            ]
        ],
        [
            [
                -0.5930663598026279
            ],
            [
                0.10189184308263302
            ],
            [
                0.05298395767872669
            ]
        ],
        [
            [
                0.6081576930753412
            ],
            [
                -0.385750988138736
            ],
            [
                1.4747801623648964
            ]
        ],
        [
            [
                -0.6517357975266089
            ],
            [
                -0.04813894469276043
            ],
            [
                1.641580076346815
            ]
        ],
        [
            [
                0.021769050724993654
            ],
            [
                0.18356079892017263
            ],
            [
                0.4762741879096032
            ]
        ],
        [
            [
                0.018171183705606806
            ],
            [
                0.18038641352630533
            ],
            [
                -0.37091105152544435
            ]
        ],
        [
            [
                0.7323447644958787
            ],
            [
                0.13484473606876202
            ],
            [
                -0.014292268913026466
            ]
        ],
        [
            [
                -0.18845121968424022
            ],
            [
                0.6879987638644376
            ],
            [
                1.6793325967477375
            ]
        ],
        [
            [
                -0.00602488806666818
            ],
            [
                0.8933957659801244
            ],
            [
                0.0017416487065052763
            ]
        ],
        [
            [
                0.5265651958208731
            ],
            [
                0.14771838357395053
            ],
            [
                0.285559236771463
            ]
        ],
        [
            [
                0.7049983475311284
            ],
            [
                0.7067576076209402
            ],
            [
                1.4575853430101053
            ]
        ],
        [
            [
                0.6266813998318198
            ],
            [
                -0.5004695673263936
            ],
            [
                1.5052923190103602
            ]
        ],
        [
            [
                0.1556998493723087
            ],
            [
                -0.08268946917222202
            ],
            [
                2.018242342743319
            ]
        ],
        [
            [
                0.3591992418271853
            ],
            [
                0.29317777667354705
            ],
            [
                1.5589735769385842
            ]
        ],
        [
            [
                -0.5525163532173029
            ],
            [
                0.39020261826664443
            ],
            [
                0.40102567599352246
            ]
        ],
        [
            [
                0.049062784585646585
            ],
            [
                0.7324087367909191
            ],
            [
                -0.01564997961780321
            ]
        ],
        [
            [
                -0.07585380970168536
            ],
            [
                0.5081209997176476
            ],
            [
                1.630456072862785
            ]
        ],
        [
            [
                -0.47783737016488537
            ],
            [
                0.4337656278929974
            ],
            [
                1.5503489471444247
            ]
        ],
        [
            [
                0.6975366181731826
            ],
            [
                -0.04526316046236958
            ],
            [
                1.411197273659118
            ]
        ],
        [
            [
                0.6019836443828385
            ],
            [
                -0.4610600075890523
            ],
            [
                1.5156829415233972
            ]
        ],
        [
            [
                0.5651417599801893
            ],
            [
                -0.3324038576856337
            ],
            [
                1.3686085812869622
            ]
        ],
        [
            [
                -0.5204449563255159
            ],
            [
                0.06085220402208258
            ],
            [
                0.029772565632557795
            ]
        ],
        [
            [
                0.22155762685665348
            ],
            [
                -0.6375144564500905
            ],
            [
                1.5651658584860904
            ]
        ],
        [
            [
                -0.40192068762985034
            ],
            [
                0.2938607687489648
            ],
            [
                1.5767484041913034
            ]
        ],
        [
            [
                0.4296237666653684
            ],
            [
                0.37693780258028753
            ],
            [
                1.5739715599695159
            ]
        ],
        [
            [
                -0.22478638693129327
            ],
            [
                -0.3218753414210076
            ],
            [
                1.5412715946791122
            ]
        ],
        [
            [
                -0.6506849914624956
            ],
            [
                0.3179737181259057
            ],
            [
                1.5463362415271333
            ]
        ],
        [
            [
                -0.7213547306660237
            ],
            [
                -0.6521350450189707
            ],
            [
                1.4296279127899785
            ]
        ],
        [
            [
                -0.7766038443626146
            ],
            [
                0.2095146683930192
            ],
            [
                1.553258298278625
            ]
        ],
        [
            [
                0.04025863777290941
            ],
            [
                0.034397177226620106
            ],
            [
                0.014277096909593468
            ]
        ],
        [
            [
                0.045992980632540564
            ],
            [
                -0.5673920411357337
            ],
            [
                -0.03150460521263645
            ]
        ],
        [
            [
                -0.12644365174342936
            ],
            [
                -0.2257134023385893
            ],
            [
                1.609549201692422
            ]
        ],
        [
            [
                0.06982955839293371
            ],
            [
                -0.7598218616449026
            ],
            [
                -0.016316056364338378
            ]
        ],
        [
            [
                0.35176113416499644
            ],
            [
                -0.2673176707383822
            ],
            [
                1.538063186606596
            ]
        ],
        [
            [
                -0.33900580110537565
            ],
            [
                0.3140568259749435
            ],
            [
